-- MySQL dump 10.13  Distrib 8.0.25, for Win64 (x86_64)
--
-- Host: localhost    Database: vk
-- ------------------------------------------------------
-- Server version	8.0.25

/*!40101 SET @OLD_CHARACTER_SET_CLIENT=@@CHARACTER_SET_CLIENT */;
/*!40101 SET @OLD_CHARACTER_SET_RESULTS=@@CHARACTER_SET_RESULTS */;
/*!40101 SET @OLD_COLLATION_CONNECTION=@@COLLATION_CONNECTION */;
/*!50503 SET NAMES utf8mb4 */;
/*!40103 SET @OLD_TIME_ZONE=@@TIME_ZONE */;
/*!40103 SET TIME_ZONE='+00:00' */;
/*!40014 SET @OLD_UNIQUE_CHECKS=@@UNIQUE_CHECKS, UNIQUE_CHECKS=0 */;
/*!40014 SET @OLD_FOREIGN_KEY_CHECKS=@@FOREIGN_KEY_CHECKS, FOREIGN_KEY_CHECKS=0 */;
/*!40101 SET @OLD_SQL_MODE=@@SQL_MODE, SQL_MODE='NO_AUTO_VALUE_ON_ZERO' */;
/*!40111 SET @OLD_SQL_NOTES=@@SQL_NOTES, SQL_NOTES=0 */;

--
-- Table structure for table `communities`
--

DROP TABLE IF EXISTS `communities`;
/*!40101 SET @saved_cs_client     = @@character_set_client */;
/*!50503 SET character_set_client = utf8mb4 */;
CREATE TABLE `communities` (
  `id` bigint unsigned NOT NULL AUTO_INCREMENT,
  `name` varchar(150) NOT NULL,
  `description` text,
  `admin_id` bigint unsigned NOT NULL,
  PRIMARY KEY (`id`),
  UNIQUE KEY `id` (`id`),
  KEY `admin_id` (`admin_id`),
  CONSTRAINT `communities_ibfk_1` FOREIGN KEY (`admin_id`) REFERENCES `users` (`id`)
) ENGINE=InnoDB AUTO_INCREMENT=51 DEFAULT CHARSET=utf8mb4 COLLATE=utf8mb4_0900_ai_ci;
/*!40101 SET character_set_client = @saved_cs_client */;

--
-- Dumping data for table `communities`
--

LOCK TABLES `communities` WRITE;
/*!40000 ALTER TABLE `communities` DISABLE KEYS */;
INSERT INTO `communities` VALUES (1,'Hintz, Rippin and Runte','Quisque porta volutpat erat. Quisque erat eros, viverra eget, congue eget, semper rutrum, nulla. Nunc purus. Phasellus in felis.',29),(2,'Morissette, Jenkins and Bode','Mauris sit amet eros. Suspendisse accumsan tortor quis turpis. Sed ante. Vivamus tortor. Duis mattis egestas metus. Aenean fermentum. Donec ut mauris eget massa tempor convallis. Nulla neque libero, convallis eget, eleifend luctus, ultricies eu, nibh. Quisque id justo sit amet sapien dignissim vestibulum.',71),(3,'Bergstrom-Rau','Vestibulum ante ipsum primis in faucibus orci luctus et ultrices posuere cubilia Curae; Duis faucibus accumsan odio. Curabitur convallis. Duis consequat dui nec nisi volutpat eleifend. Donec ut dolor. Morbi vel lectus in quam fringilla rhoncus. Mauris enim leo, rhoncus sed, vestibulum sit amet, cursus id, turpis.',30),(4,'Muller-Feeney','Nulla justo.',6),(5,'Nienow LLC','Pellentesque viverra pede ac diam. Cras pellentesque volutpat dui. Maecenas tristique, est et tempus semper, est quam pharetra magna, ac consequat metus sapien ut nunc.',1),(6,'Goldner-Wunsch','Fusce lacus purus, aliquet at, feugiat non, pretium quis, lectus. Suspendisse potenti. In eleifend quam a odio. In hac habitasse platea dictumst. Maecenas ut massa quis augue luctus tincidunt. Nulla mollis molestie lorem.',190),(7,'Nicolas, Jenkins and Bahringer','Nam congue, risus semper porta volutpat, quam pede lobortis ligula, sit amet eleifend pede libero quis orci. Nullam molestie nibh in lectus. Pellentesque at nulla. Suspendisse potenti. Cras in purus eu magna vulputate luctus. Cum sociis natoque penatibus et magnis dis parturient montes, nascetur ridiculus mus. Vivamus vestibulum sagittis sapien. Cum sociis natoque penatibus et magnis dis parturient montes, nascetur ridiculus mus. Etiam vel augue. Vestibulum rutrum rutrum neque.',93),(8,'Robel, Heaney and Romaguera','Donec quis orci eget orci vehicula condimentum. Curabitur in libero ut massa volutpat convallis. Morbi odio odio, elementum eu, interdum eu, tincidunt in, leo. Maecenas pulvinar lobortis est. Phasellus sit amet erat.',124),(9,'Rohan, Kutch and Boyer','Etiam justo. Etiam pretium iaculis justo. In hac habitasse platea dictumst. Etiam faucibus cursus urna. Ut tellus. Nulla ut erat id mauris vulputate elementum.',131),(10,'Mayer, Morissette and Shields','Donec posuere metus vitae ipsum. Aliquam non mauris. Morbi non lectus. Aliquam sit amet diam in magna bibendum imperdiet. Nullam orci pede, venenatis non, sodales sed, tincidunt eu, felis. Fusce posuere felis sed lacus. Morbi sem mauris, laoreet ut, rhoncus aliquet, pulvinar sed, nisl. Nunc rhoncus dui vel sem. Sed sagittis.',4),(11,'Senger, Beahan and Raynor','Nam nulla. Integer pede justo, lacinia eget, tincidunt eget, tempus vel, pede. Morbi porttitor lorem id ligula. Suspendisse ornare consequat lectus.',112),(12,'Kutch-Kshlerin','Morbi a ipsum. Integer a nibh. In quis justo. Maecenas rhoncus aliquam lacus.',21),(13,'Paucek-Lueilwitz','Suspendisse potenti. Nullam porttitor lacus at turpis. Donec posuere metus vitae ipsum.',40),(14,'Dare-Doyle','Integer tincidunt ante vel ipsum. Praesent blandit lacinia erat. Vestibulum sed magna at nunc commodo placerat. Praesent blandit. Nam nulla. Integer pede justo, lacinia eget, tincidunt eget, tempus vel, pede. Morbi porttitor lorem id ligula.',46),(15,'Durgan, Boehm and Wiza','Quisque id justo sit amet sapien dignissim vestibulum. Vestibulum ante ipsum primis in faucibus orci luctus et ultrices posuere cubilia Curae; Nulla dapibus dolor vel est. Donec odio justo, sollicitudin ut, suscipit a, feugiat et, eros. Vestibulum ac est lacinia nisi venenatis tristique. Fusce congue, diam id ornare imperdiet, sapien urna pretium nisl, ut volutpat sapien arcu sed augue. Aliquam erat volutpat. In congue. Etiam justo. Etiam pretium iaculis justo.',3),(16,'Skiles-Murray','Proin risus. Praesent lectus. Vestibulum quam sapien, varius ut, blandit non, interdum in, ante. Vestibulum ante ipsum primis in faucibus orci luctus et ultrices posuere cubilia Curae; Duis faucibus accumsan odio. Curabitur convallis. Duis consequat dui nec nisi volutpat eleifend.',153),(17,'Morar-Torp','Nam nulla. Integer pede justo, lacinia eget, tincidunt eget, tempus vel, pede. Morbi porttitor lorem id ligula. Suspendisse ornare consequat lectus.',155),(18,'Sauer-Ankunding','Nulla facilisi.',55),(19,'Witting, Blick and Nicolas','Nunc purus. Phasellus in felis. Donec semper sapien a libero. Nam dui. Proin leo odio, porttitor id, consequat in, consequat ut, nulla. Sed accumsan felis. Ut at dolor quis odio consequat varius. Integer ac leo. Pellentesque ultrices mattis odio. Donec vitae nisi.',127),(20,'Cronin-MacGyver','Donec ut mauris eget massa tempor convallis. Nulla neque libero, convallis eget, eleifend luctus, ultricies eu, nibh. Quisque id justo sit amet sapien dignissim vestibulum.',172),(21,'Block-Conn','Nullam varius. Nulla facilisi. Cras non velit nec nisi vulputate nonummy. Maecenas tincidunt lacus at velit. Vivamus vel nulla eget eros elementum pellentesque. Quisque porta volutpat erat. Quisque erat eros, viverra eget, congue eget, semper rutrum, nulla. Nunc purus.',91),(22,'Cormier, Cronin and Blick','Proin leo odio, porttitor id, consequat in, consequat ut, nulla. Sed accumsan felis. Ut at dolor quis odio consequat varius. Integer ac leo. Pellentesque ultrices mattis odio. Donec vitae nisi. Nam ultrices, libero non mattis pulvinar, nulla pede ullamcorper augue, a suscipit nulla elit ac nulla. Sed vel enim sit amet nunc viverra dapibus. Nulla suscipit ligula in lacus. Curabitur at ipsum ac tellus semper interdum.',178),(23,'Smith, Armstrong and Runolfsdottir','Integer ac leo. Pellentesque ultrices mattis odio. Donec vitae nisi. Nam ultrices, libero non mattis pulvinar, nulla pede ullamcorper augue, a suscipit nulla elit ac nulla. Sed vel enim sit amet nunc viverra dapibus. Nulla suscipit ligula in lacus. Curabitur at ipsum ac tellus semper interdum. Mauris ullamcorper purus sit amet nulla. Quisque arcu libero, rutrum ac, lobortis vel, dapibus at, diam. Nam tristique tortor eu pede.',137),(24,'Kohler-Considine','In sagittis dui vel nisl. Duis ac nibh. Fusce lacus purus, aliquet at, feugiat non, pretium quis, lectus. Suspendisse potenti. In eleifend quam a odio. In hac habitasse platea dictumst. Maecenas ut massa quis augue luctus tincidunt.',108),(25,'Ratke-Hyatt','Maecenas tristique, est et tempus semper, est quam pharetra magna, ac consequat metus sapien ut nunc. Vestibulum ante ipsum primis in faucibus orci luctus et ultrices posuere cubilia Curae; Mauris viverra diam vitae quam. Suspendisse potenti. Nullam porttitor lacus at turpis. Donec posuere metus vitae ipsum. Aliquam non mauris. Morbi non lectus. Aliquam sit amet diam in magna bibendum imperdiet. Nullam orci pede, venenatis non, sodales sed, tincidunt eu, felis.',132),(26,'Frami-Hartmann','Quisque ut erat. Curabitur gravida nisi at nibh. In hac habitasse platea dictumst. Aliquam augue quam, sollicitudin vitae, consectetuer eget, rutrum at, lorem. Integer tincidunt ante vel ipsum. Praesent blandit lacinia erat. Vestibulum sed magna at nunc commodo placerat. Praesent blandit. Nam nulla.',29),(27,'Breitenberg-Towne','Ut at dolor quis odio consequat varius. Integer ac leo. Pellentesque ultrices mattis odio. Donec vitae nisi.',173),(28,'Quigley, Schneider and Mitchell','Maecenas pulvinar lobortis est. Phasellus sit amet erat. Nulla tempus. Vivamus in felis eu sapien cursus vestibulum. Proin eu mi. Nulla ac enim. In tempor, turpis nec euismod scelerisque, quam turpis adipiscing lorem, vitae mattis nibh ligula nec sem.',53),(29,'Crona-Christiansen','Aliquam augue quam, sollicitudin vitae, consectetuer eget, rutrum at, lorem. Integer tincidunt ante vel ipsum. Praesent blandit lacinia erat. Vestibulum sed magna at nunc commodo placerat.',31),(30,'Reinger Group','Pellentesque viverra pede ac diam. Cras pellentesque volutpat dui. Maecenas tristique, est et tempus semper, est quam pharetra magna, ac consequat metus sapien ut nunc.',33),(31,'Kling-Zulauf','Cras mi pede, malesuada in, imperdiet et, commodo vulputate, justo. In blandit ultrices enim. Lorem ipsum dolor sit amet, consectetuer adipiscing elit. Proin interdum mauris non ligula pellentesque ultrices. Phasellus id sapien in sapien iaculis congue. Vivamus metus arcu, adipiscing molestie, hendrerit at, vulputate vitae, nisl.',101),(32,'Powlowski, Cartwright and Bins','Morbi vel lectus in quam fringilla rhoncus. Mauris enim leo, rhoncus sed, vestibulum sit amet, cursus id, turpis. Integer aliquet, massa id lobortis convallis, tortor risus dapibus augue, vel accumsan tellus nisi eu orci. Mauris lacinia sapien quis libero. Nullam sit amet turpis elementum ligula vehicula consequat. Morbi a ipsum. Integer a nibh. In quis justo. Maecenas rhoncus aliquam lacus. Morbi quis tortor id nulla ultrices aliquet.',89),(33,'Bosco-Bayer','In blandit ultrices enim. Lorem ipsum dolor sit amet, consectetuer adipiscing elit.',109),(34,'Abshire-Senger','Phasellus sit amet erat. Nulla tempus. Vivamus in felis eu sapien cursus vestibulum. Proin eu mi. Nulla ac enim. In tempor, turpis nec euismod scelerisque, quam turpis adipiscing lorem, vitae mattis nibh ligula nec sem. Duis aliquam convallis nunc. Proin at turpis a pede posuere nonummy. Integer non velit. Donec diam neque, vestibulum eget, vulputate ut, ultrices vel, augue.',65),(35,'Pacocha-Gulgowski','Etiam faucibus cursus urna. Ut tellus.',159),(36,'Marvin, Hyatt and Mraz','Duis at velit eu est congue elementum.',159),(37,'Lubowitz, Shields and O\'Hara','Praesent lectus.',96),(38,'Gibson-Funk','Etiam vel augue. Vestibulum rutrum rutrum neque. Aenean auctor gravida sem. Praesent id massa id nisl venenatis lacinia. Aenean sit amet justo. Morbi ut odio. Cras mi pede, malesuada in, imperdiet et, commodo vulputate, justo. In blandit ultrices enim. Lorem ipsum dolor sit amet, consectetuer adipiscing elit. Proin interdum mauris non ligula pellentesque ultrices.',161),(39,'Wisoky Inc','Nullam porttitor lacus at turpis. Donec posuere metus vitae ipsum.',100),(40,'Nader-Turcotte','Etiam justo. Etiam pretium iaculis justo. In hac habitasse platea dictumst. Etiam faucibus cursus urna. Ut tellus.',97),(41,'Maggio, Parisian and Abbott','Pellentesque eget nunc. Donec quis orci eget orci vehicula condimentum. Curabitur in libero ut massa volutpat convallis. Morbi odio odio, elementum eu, interdum eu, tincidunt in, leo. Maecenas pulvinar lobortis est. Phasellus sit amet erat. Nulla tempus. Vivamus in felis eu sapien cursus vestibulum.',20),(42,'Barton-Mertz','Ut tellus.',45),(43,'Quigley, Moore and Kuhlman','Duis bibendum, felis sed interdum venenatis, turpis enim blandit mi, in porttitor pede justo eu massa. Donec dapibus. Duis at velit eu est congue elementum. In hac habitasse platea dictumst. Morbi vestibulum, velit id pretium iaculis, diam erat fermentum justo, nec condimentum neque sapien placerat ante. Nulla justo. Aliquam quis turpis eget elit sodales scelerisque. Mauris sit amet eros.',82),(44,'Klein, Feil and Toy','Donec dapibus. Duis at velit eu est congue elementum. In hac habitasse platea dictumst. Morbi vestibulum, velit id pretium iaculis, diam erat fermentum justo, nec condimentum neque sapien placerat ante. Nulla justo. Aliquam quis turpis eget elit sodales scelerisque. Mauris sit amet eros. Suspendisse accumsan tortor quis turpis. Sed ante. Vivamus tortor.',10),(45,'Paucek, Heidenreich and Rempel','In hac habitasse platea dictumst. Maecenas ut massa quis augue luctus tincidunt. Nulla mollis molestie lorem. Quisque ut erat. Curabitur gravida nisi at nibh. In hac habitasse platea dictumst. Aliquam augue quam, sollicitudin vitae, consectetuer eget, rutrum at, lorem.',5),(46,'Lakin-Upton','Donec quis orci eget orci vehicula condimentum. Curabitur in libero ut massa volutpat convallis. Morbi odio odio, elementum eu, interdum eu, tincidunt in, leo. Maecenas pulvinar lobortis est. Phasellus sit amet erat. Nulla tempus. Vivamus in felis eu sapien cursus vestibulum. Proin eu mi. Nulla ac enim. In tempor, turpis nec euismod scelerisque, quam turpis adipiscing lorem, vitae mattis nibh ligula nec sem.',137),(47,'Welch-Rath','Phasellus id sapien in sapien iaculis congue. Vivamus metus arcu, adipiscing molestie, hendrerit at, vulputate vitae, nisl. Aenean lectus. Pellentesque eget nunc. Donec quis orci eget orci vehicula condimentum.',170),(48,'Mills, Reichel and Huel','Vestibulum ante ipsum primis in faucibus orci luctus et ultrices posuere cubilia Curae; Nulla dapibus dolor vel est. Donec odio justo, sollicitudin ut, suscipit a, feugiat et, eros. Vestibulum ac est lacinia nisi venenatis tristique. Fusce congue, diam id ornare imperdiet, sapien urna pretium nisl, ut volutpat sapien arcu sed augue. Aliquam erat volutpat. In congue. Etiam justo. Etiam pretium iaculis justo. In hac habitasse platea dictumst.',183),(49,'White Inc','Donec quis orci eget orci vehicula condimentum. Curabitur in libero ut massa volutpat convallis. Morbi odio odio, elementum eu, interdum eu, tincidunt in, leo. Maecenas pulvinar lobortis est. Phasellus sit amet erat. Nulla tempus. Vivamus in felis eu sapien cursus vestibulum.',22),(50,'Gislason, Abshire and King','Praesent blandit. Nam nulla.',17);
/*!40000 ALTER TABLE `communities` ENABLE KEYS */;
UNLOCK TABLES;

--
-- Table structure for table `communities_users`
--

DROP TABLE IF EXISTS `communities_users`;
/*!40101 SET @saved_cs_client     = @@character_set_client */;
/*!50503 SET character_set_client = utf8mb4 */;
CREATE TABLE `communities_users` (
  `community_id` bigint unsigned NOT NULL,
  `user_id` bigint unsigned NOT NULL,
  `created_at` datetime NOT NULL DEFAULT CURRENT_TIMESTAMP,
  PRIMARY KEY (`community_id`,`user_id`),
  KEY `community_id` (`community_id`),
  KEY `user_id` (`user_id`),
  CONSTRAINT `communities_users_ibfk_1` FOREIGN KEY (`community_id`) REFERENCES `communities` (`id`),
  CONSTRAINT `communities_users_ibfk_2` FOREIGN KEY (`user_id`) REFERENCES `users` (`id`)
) ENGINE=InnoDB DEFAULT CHARSET=utf8mb4 COLLATE=utf8mb4_0900_ai_ci;
/*!40101 SET character_set_client = @saved_cs_client */;

--
-- Dumping data for table `communities_users`
--

LOCK TABLES `communities_users` WRITE;
/*!40000 ALTER TABLE `communities_users` DISABLE KEYS */;
/*!40000 ALTER TABLE `communities_users` ENABLE KEYS */;
UNLOCK TABLES;

--
-- Table structure for table `friend_requests`
--

DROP TABLE IF EXISTS `friend_requests`;
/*!40101 SET @saved_cs_client     = @@character_set_client */;
/*!50503 SET character_set_client = utf8mb4 */;
CREATE TABLE `friend_requests` (
  `from_user_id` bigint unsigned NOT NULL,
  `to_user_id` bigint unsigned NOT NULL,
  `accepted` tinyint(1) DEFAULT '0',
  PRIMARY KEY (`from_user_id`,`to_user_id`),
  KEY `friend_requests_from_user_id_idx` (`from_user_id`),
  KEY `friend_requests_to_user_id_idx` (`to_user_id`),
  CONSTRAINT `fk_friend_requests_from_user_id` FOREIGN KEY (`from_user_id`) REFERENCES `users` (`id`),
  CONSTRAINT `fk_friend_requests_to_user_id` FOREIGN KEY (`to_user_id`) REFERENCES `users` (`id`)
) ENGINE=InnoDB DEFAULT CHARSET=utf8mb4 COLLATE=utf8mb4_0900_ai_ci;
/*!40101 SET character_set_client = @saved_cs_client */;

--
-- Dumping data for table `friend_requests`
--

LOCK TABLES `friend_requests` WRITE;
/*!40000 ALTER TABLE `friend_requests` DISABLE KEYS */;
/*!40000 ALTER TABLE `friend_requests` ENABLE KEYS */;
UNLOCK TABLES;

--
-- Table structure for table `media`
--

DROP TABLE IF EXISTS `media`;
/*!40101 SET @saved_cs_client     = @@character_set_client */;
/*!50503 SET character_set_client = utf8mb4 */;
CREATE TABLE `media` (
  `id` bigint unsigned NOT NULL AUTO_INCREMENT,
  `user_id` bigint unsigned NOT NULL,
  `media_types_id` int unsigned NOT NULL,
  `file_name` varchar(255) DEFAULT NULL COMMENT '/files/folder/img.png',
  `file_size` bigint unsigned DEFAULT NULL,
  `created_at` datetime NOT NULL DEFAULT CURRENT_TIMESTAMP,
  `like_count` bigint unsigned DEFAULT '0',
  PRIMARY KEY (`id`),
  UNIQUE KEY `id` (`id`),
  KEY `media_types_id` (`media_types_id`),
  KEY `user_id` (`user_id`),
  CONSTRAINT `media_ibfk_1` FOREIGN KEY (`media_types_id`) REFERENCES `media_types` (`id`),
  CONSTRAINT `media_ibfk_2` FOREIGN KEY (`user_id`) REFERENCES `users` (`id`)
) ENGINE=InnoDB AUTO_INCREMENT=201 DEFAULT CHARSET=utf8mb4 COLLATE=utf8mb4_0900_ai_ci;
/*!40101 SET character_set_client = @saved_cs_client */;

--
-- Dumping data for table `media`
--

LOCK TABLES `media` WRITE;
/*!40000 ALTER TABLE `media` DISABLE KEYS */;
INSERT INTO `media` VALUES (1,96,2,'Turtle, snake-necked',1327,'2020-06-13 00:00:00',0),(2,65,4,'Sheep, american bighorn',4349,'2020-06-08 00:00:00',0),(3,39,2,'Rattlesnake, dusky',17267,'2021-01-11 00:00:00',0),(4,154,4,'Musk ox',4142,'2021-02-24 00:00:00',0),(5,66,4,'Hornbill, leadbeateri\'s ground',17923,'2020-06-12 00:00:00',0),(6,158,4,'Indian giant squirrel',9432,'2020-10-10 00:00:00',0),(7,69,3,'Guanaco',13711,'2020-05-17 00:00:00',0),(8,41,4,'Lappet-faced vulture',12520,'2020-05-04 00:00:00',0),(9,42,2,'Nine-banded armadillo',2658,'2020-05-18 00:00:00',0),(10,21,4,'Impala',17671,'2020-11-18 00:00:00',0),(11,99,3,'Shrike, crimson-breasted',982,'2021-03-12 00:00:00',0),(12,69,1,'Boa, cook\'s tree',6570,'2021-01-15 00:00:00',0),(13,186,4,'American racer',14216,'2021-06-01 00:00:00',0),(14,153,1,'Indian giant squirrel',7389,'2020-10-15 00:00:00',0),(15,171,2,'Common shelduck',4236,'2021-03-21 00:00:00',0),(16,86,4,'Fringe-eared oryx',2338,'2021-10-03 00:00:00',0),(17,68,4,'Otter, cape clawless',16731,'2020-04-21 00:00:00',0),(18,182,4,'Trumpeter, dark-winged',7281,'2020-04-16 00:00:00',0),(19,142,4,'Jungle kangaroo',6430,'2021-02-27 00:00:00',0),(20,164,3,'Possum, golden brush-tailed',11892,'2020-08-25 00:00:00',0),(21,114,2,'Laughing kookaburra',17825,'2020-06-26 00:00:00',0),(22,54,2,'Pelican, great white',12303,'2020-03-23 00:00:00',0),(23,142,3,'Cape fox',2511,'2020-09-02 00:00:00',0),(24,112,3,'Macaw, green-winged',7216,'2021-10-02 00:00:00',0),(25,36,1,'Caiman, spectacled',14482,'2020-03-26 00:00:00',0),(26,88,3,'Verreaux\'s sifaka',13974,'2021-07-15 00:00:00',0),(27,197,4,'Bulbul, african red-eyed',929,'2021-08-13 00:00:00',0),(28,95,3,'Starling, red-shouldered glossy',7280,'2020-07-28 00:00:00',0),(29,5,3,'Deer, red',14980,'2020-11-29 00:00:00',0),(30,186,4,'Dolphin, common',18393,'2021-08-04 00:00:00',0),(31,150,4,'Hare, arctic',19937,'2020-07-03 00:00:00',0),(32,174,2,'Puffin, horned',16286,'2020-07-07 00:00:00',0),(33,174,2,'Asian openbill',17843,'2021-02-19 00:00:00',0),(34,114,1,'Penguin, galapagos',12204,'2021-06-07 00:00:00',0),(35,143,1,'Shelduck, common',14201,'2020-12-26 00:00:00',0),(36,165,3,'Gull, lava',19628,'2020-07-10 00:00:00',0),(37,192,2,'Adouri (unidentified)',5178,'2020-04-10 00:00:00',0),(38,177,3,'Flamingo, greater',17817,'2020-12-01 00:00:00',0),(39,98,2,'Indian mynah',15542,'2021-04-03 00:00:00',0),(40,27,4,'Squirrel, grey-footed',15479,'2020-12-05 00:00:00',0),(41,115,3,'Egyptian vulture',2027,'2021-03-11 00:00:00',0),(42,178,1,'Rufous tree pie',19417,'2020-12-14 00:00:00',0),(43,163,1,'Common langur',6959,'2021-04-14 00:00:00',0),(44,187,4,'Black-footed ferret',13077,'2020-09-06 00:00:00',0),(45,80,1,'Opossum, american virginia',5615,'2020-06-07 00:00:00',0),(46,97,4,'Openbill, asian',13035,'2020-02-28 00:00:00',0),(47,117,1,'Owl, snowy',18942,'2021-09-05 00:00:00',0),(48,9,1,'Brazilian tapir',2027,'2021-08-21 00:00:00',0),(49,79,3,'White-rumped vulture',16194,'2020-07-08 00:00:00',0),(50,99,4,'Smith\'s bush squirrel',15475,'2021-11-29 00:00:00',0),(51,86,1,'Green-backed heron',10938,'2021-07-19 00:00:00',0),(52,13,4,'White-cheeked pintail',4379,'2021-07-12 00:00:00',0),(53,126,2,'Lion, south american sea',19915,'2020-12-10 00:00:00',0),(54,89,2,'Brocket, red',2655,'2020-10-31 00:00:00',0),(55,92,3,'Cockatoo, red-tailed',11643,'2020-10-21 00:00:00',0),(56,195,1,'Colobus, black and white',9789,'2021-11-17 00:00:00',0),(57,163,4,'Goldeneye, common',14888,'2020-06-16 00:00:00',0),(58,111,3,'Lemur, lesser mouse',12344,'2020-08-09 00:00:00',0),(59,30,1,'Peregrine falcon',3016,'2021-07-27 00:00:00',0),(60,177,1,'Nile crocodile',14545,'2020-08-25 00:00:00',0),(61,65,4,'Spoonbill, european',12680,'2021-04-19 00:00:00',0),(62,61,2,'Lion, asian',13721,'2020-12-12 00:00:00',0),(63,45,2,'Common zorro',12747,'2021-06-13 00:00:00',0),(64,40,1,'Brown brocket',6865,'2021-02-08 00:00:00',0),(65,42,4,'Dabchick',8372,'2020-12-15 00:00:00',0),(66,2,1,'Squirrel, red',14385,'2020-12-18 00:00:00',0),(67,143,2,'Porcupine, north american',9284,'2021-03-16 00:00:00',0),(68,6,3,'Beaver, north american',3547,'2020-09-02 00:00:00',0),(69,58,4,'Cape starling',18806,'2021-12-17 00:00:00',0),(70,39,3,'Timber wolf',16900,'2020-06-02 00:00:00',0),(71,73,1,'Skunk, striped',3312,'2021-10-18 00:00:00',0),(72,160,4,'Hummingbird (unidentified)',7588,'2021-03-11 00:00:00',0),(73,4,2,'Sandpiper, spotted wood',4066,'2021-12-25 00:00:00',0),(74,181,1,'Peccary, collared',11085,'2020-04-08 00:00:00',0),(75,181,4,'Snowy owl',6596,'2021-03-23 00:00:00',0),(76,67,1,'Clark\'s nutcracker',14215,'2021-11-24 00:00:00',0),(77,145,3,'Squirrel, grey-footed',11165,'2020-03-13 00:00:00',0),(78,78,4,'Dog, african wild',1903,'2021-07-15 00:00:00',0),(79,195,3,'White-faced tree rat',12754,'2020-06-08 00:00:00',0),(80,98,1,'Lion, african',18002,'2020-05-24 00:00:00',0),(81,24,2,'Starling, red-shouldered glossy',7503,'2020-09-12 00:00:00',0),(82,64,2,'Eagle, tawny',3064,'2021-11-22 00:00:00',0),(83,35,1,'Echidna, short-beaked',16009,'2021-05-10 00:00:00',0),(84,181,3,'Bustard, denham\'s',1563,'2021-04-29 00:00:00',0),(85,87,3,'Whip-tailed wallaby',6124,'2021-04-23 00:00:00',0),(86,194,3,'Goanna lizard',14946,'2021-04-11 00:00:00',0),(87,41,1,'Mockingbird, galapagos',1573,'2021-10-12 00:00:00',0),(88,80,3,'Lion, galapagos sea',11376,'2021-06-22 00:00:00',0),(89,11,3,'Pied kingfisher',17858,'2021-06-18 00:00:00',0),(90,49,4,'Tern, royal',5015,'2020-05-27 00:00:00',0),(91,193,2,'Silver gull',15434,'2021-10-02 00:00:00',0),(92,99,2,'Dragon, asian water',17362,'2020-11-14 00:00:00',0),(93,72,2,'Crab (unidentified)',4999,'2021-11-01 00:00:00',0),(94,112,1,'Ring-tailed lemur',11222,'2020-09-22 00:00:00',0),(95,36,1,'Common dolphin',13025,'2021-11-09 00:00:00',0),(96,173,2,'Godwit, hudsonian',12091,'2021-03-26 00:00:00',0),(97,51,2,'Lily trotter',3338,'2020-10-19 00:00:00',0),(98,159,1,'Baboon, yellow',7832,'2021-12-24 00:00:00',0),(99,17,2,'Arboral spiny rat',2979,'2020-12-19 00:00:00',0),(100,42,4,'Short-beaked echidna',8549,'2020-01-17 00:00:00',0),(101,55,4,'Crested porcupine',18384,'2020-09-07 00:00:00',0),(102,150,1,'White-lipped peccary',15132,'2021-05-15 00:00:00',0),(103,29,1,'Roadrunner, greater',14375,'2021-04-18 00:00:00',0),(104,21,3,'Asian foreset tortoise',13659,'2021-12-20 00:00:00',0),(105,124,3,'Bald eagle',3106,'2021-02-22 00:00:00',0),(106,48,1,'Margay',8088,'2021-06-02 00:00:00',0),(107,38,3,'Eastern indigo snake',9858,'2021-06-27 00:00:00',0),(108,83,2,'Pale white-eye',1847,'2020-03-06 00:00:00',0),(109,18,2,'Red phalarope',2922,'2020-08-02 00:00:00',0),(110,122,4,'Oribi',9161,'2021-03-30 00:00:00',0),(111,124,4,'Harbor seal',5867,'2021-01-07 00:00:00',0),(112,105,2,'Monkey, black spider',14044,'2021-08-25 00:00:00',0),(113,46,1,'Bustard, stanley',11687,'2020-07-02 00:00:00',0),(114,61,4,'Frog (unidentified)',15239,'2021-12-16 00:00:00',0),(115,178,1,'Barbet, black-collared',2652,'2021-11-05 00:00:00',0),(116,130,4,'Tailless tenrec',13488,'2020-05-01 00:00:00',0),(117,135,3,'Eastern quoll',4967,'2020-02-07 00:00:00',0),(118,47,2,'Avocet, pied',12534,'2020-05-15 00:00:00',0),(119,190,3,'Little heron',1544,'2020-12-05 00:00:00',0),(120,111,1,'Plover, three-banded',9867,'2021-09-09 00:00:00',0),(121,114,2,'Shrike, southern white-crowned',1855,'2021-01-13 00:00:00',0),(122,66,4,'River wallaby',7841,'2021-08-25 00:00:00',0),(123,70,1,'Grey-footed squirrel',9976,'2020-09-18 00:00:00',0),(124,152,4,'Fairy penguin',15368,'2021-06-07 00:00:00',0),(125,121,4,'Swallow (unidentified)',17183,'2020-12-13 00:00:00',0),(126,114,4,'Rabbit, eastern cottontail',6118,'2020-09-17 00:00:00',0),(127,169,4,'Lemur, ring-tailed',4095,'2021-02-25 00:00:00',0),(128,108,1,'Otter, canadian river',16902,'2020-03-22 00:00:00',0),(129,187,3,'Stork, openbill',12558,'2021-02-27 00:00:00',0),(130,113,3,'Cat, ringtail',18093,'2020-12-31 00:00:00',0),(131,92,1,'Kookaburra, laughing',18026,'2020-11-22 00:00:00',0),(132,195,2,'Deer, savannah',5503,'2020-12-01 00:00:00',0),(133,117,2,'Waterbuck, common',13380,'2020-08-07 00:00:00',0),(134,92,3,'Nubian bee-eater',3705,'2021-04-27 00:00:00',0),(135,185,1,'Goose, snow',14621,'2021-11-19 00:00:00',0),(136,138,1,'Wombat, common',2448,'2020-02-07 00:00:00',0),(137,168,2,'Common langur',13179,'2020-07-08 00:00:00',0),(138,123,3,'Javan gold-spotted mongoose',17651,'2020-09-15 00:00:00',0),(139,99,4,'Desert tortoise',12190,'2021-09-27 00:00:00',0),(140,50,2,'Lechwe, kafue flats',6566,'2020-02-04 00:00:00',0),(141,95,3,'Pygmy possum',11697,'2021-01-21 00:00:00',0),(142,175,2,'Pintail, bahama',3293,'2021-03-21 00:00:00',0),(143,70,4,'Brown capuchin',13199,'2020-01-13 00:00:00',0),(144,110,4,'Turkey, australian brush',4376,'2021-01-28 00:00:00',0),(145,184,1,'Gull, lava',16605,'2020-08-04 00:00:00',0),(146,67,4,'Stork, black-necked',19480,'2021-12-29 00:00:00',0),(147,93,2,'Cat, civet',11621,'2020-07-27 00:00:00',0),(148,178,2,'Sambar',7532,'2021-03-03 00:00:00',0),(149,108,3,'Lily trotter',7931,'2021-03-14 00:00:00',0),(150,23,1,'Southern elephant seal',8324,'2021-01-09 00:00:00',0),(151,39,2,'Long-billed cockatoo',3740,'2020-05-14 00:00:00',0),(152,68,2,'Small Indian mongoose',10472,'2020-01-30 00:00:00',0),(153,70,2,'African skink',9267,'2021-09-10 00:00:00',0),(154,196,1,'Duck, white-faced whistling',5321,'2021-04-27 00:00:00',0),(155,161,3,'Rat, arboral spiny',4353,'2021-06-05 00:00:00',0),(156,82,2,'Fat-tailed dunnart',14770,'2021-04-25 00:00:00',0),(157,46,2,'Southern ground hornbill',13527,'2021-11-03 00:00:00',0),(158,189,1,'African darter',17399,'2021-10-11 00:00:00',0),(159,156,3,'Squirrel, arctic ground',16770,'2021-03-12 00:00:00',0),(160,48,4,'Vulture, black',5207,'2021-05-09 00:00:00',0),(161,137,4,'Cormorant, pied',10561,'2020-11-07 00:00:00',0),(162,160,3,'Levaillant\'s barbet',9521,'2021-01-21 00:00:00',0),(163,83,3,'Red-winged blackbird',14238,'2020-01-08 00:00:00',0),(164,33,1,'White stork',1210,'2020-07-23 00:00:00',0),(165,1,2,'Genet, small-spotted',2544,'2021-12-21 00:00:00',0),(166,162,4,'Prairie falcon',10938,'2021-01-12 00:00:00',0),(167,10,3,'Secretary bird',11249,'2021-10-22 00:00:00',0),(168,42,1,'Corella, long-billed',19577,'2020-06-17 00:00:00',0),(169,52,4,'Red phalarope',5596,'2021-09-17 00:00:00',0),(170,48,3,'Lesser masked weaver',12509,'2020-06-21 00:00:00',0),(171,5,4,'Seven-banded armadillo',13193,'2021-11-07 00:00:00',0),(172,37,2,'American marten',14027,'2021-02-27 00:00:00',0),(173,189,1,'Bandicoot, short-nosed',12509,'2020-10-20 00:00:00',0),(174,167,3,'Hyrax',13228,'2020-05-07 00:00:00',0),(175,99,4,'Cockatoo, red-tailed',6916,'2021-02-23 00:00:00',0),(176,198,1,'Possum, pygmy',6565,'2020-12-07 00:00:00',0),(177,73,1,'Thomson\'s gazelle',17157,'2020-11-29 00:00:00',0),(178,44,4,'Silver-backed jackal',8572,'2020-08-23 00:00:00',0),(179,84,1,'Brown hyena',8552,'2020-05-29 00:00:00',0),(180,2,3,'Western lowland gorilla',13108,'2021-09-05 00:00:00',0),(181,57,1,'Weaver, red-billed buffalo',17116,'2020-07-20 00:00:00',0),(182,195,2,'Kangaroo, eastern grey',19192,'2021-04-06 00:00:00',0),(183,85,3,'Lemur, sportive',17775,'2020-10-16 00:00:00',0),(184,10,2,'Brown hyena',8254,'2020-07-03 00:00:00',0),(185,104,2,'Frilled dragon',17233,'2020-12-06 00:00:00',0),(186,58,2,'Stork, painted',8351,'2020-02-08 00:00:00',0),(187,168,2,'Ibis, glossy',6597,'2020-12-20 00:00:00',0),(188,196,2,'Albatross, waved',4401,'2021-09-28 00:00:00',0),(189,3,1,'Short-nosed bandicoot',5819,'2020-03-30 00:00:00',0),(190,59,4,'Francolin, swainson\'s',8876,'2021-02-09 00:00:00',0),(191,48,4,'Red squirrel',16054,'2020-05-09 00:00:00',0),(192,120,2,'Dragon, western bearded',14551,'2020-06-28 00:00:00',0),(193,134,2,'White-browed sparrow weaver',1372,'2020-12-20 00:00:00',0),(194,120,1,'Capuchin, black-capped',2694,'2021-09-11 00:00:00',0),(195,52,3,'Kelp gull',14543,'2021-11-04 00:00:00',0),(196,61,2,'Lizard, collared',18610,'2021-02-21 00:00:00',0),(197,81,3,'Mynah, indian',6942,'2020-03-02 00:00:00',0),(198,1,1,'Grenadier, common',14138,'2021-11-05 00:00:00',0),(199,80,2,'Heron, yellow-crowned night',19114,'2021-07-26 00:00:00',0),(200,27,4,'Badger, european',18375,'2020-05-16 00:00:00',0);
/*!40000 ALTER TABLE `media` ENABLE KEYS */;
UNLOCK TABLES;

--
-- Table structure for table `media_like`
--

DROP TABLE IF EXISTS `media_like`;
/*!40101 SET @saved_cs_client     = @@character_set_client */;
/*!50503 SET character_set_client = utf8mb4 */;
CREATE TABLE `media_like` (
  `from_user_id` bigint unsigned NOT NULL,
  `to_media_id` bigint unsigned NOT NULL,
  `is_like_media` tinyint(1) DEFAULT '0',
  PRIMARY KEY (`from_user_id`,`to_media_id`),
  KEY `media_like_from_user_id_idx` (`from_user_id`),
  KEY `media_like_to_media_id_idx` (`to_media_id`),
  CONSTRAINT `fk_media_like_from_user_id` FOREIGN KEY (`from_user_id`) REFERENCES `users` (`id`),
  CONSTRAINT `fk_media_like_to_media_id` FOREIGN KEY (`to_media_id`) REFERENCES `media` (`id`)
) ENGINE=InnoDB DEFAULT CHARSET=utf8mb4 COLLATE=utf8mb4_0900_ai_ci;
/*!40101 SET character_set_client = @saved_cs_client */;

--
-- Dumping data for table `media_like`
--

LOCK TABLES `media_like` WRITE;
/*!40000 ALTER TABLE `media_like` DISABLE KEYS */;
/*!40000 ALTER TABLE `media_like` ENABLE KEYS */;
UNLOCK TABLES;

--
-- Table structure for table `media_types`
--

DROP TABLE IF EXISTS `media_types`;
/*!40101 SET @saved_cs_client     = @@character_set_client */;
/*!50503 SET character_set_client = utf8mb4 */;
CREATE TABLE `media_types` (
  `id` int unsigned NOT NULL AUTO_INCREMENT,
  `name` varchar(50) NOT NULL,
  PRIMARY KEY (`id`),
  UNIQUE KEY `name` (`name`)
) ENGINE=InnoDB AUTO_INCREMENT=5 DEFAULT CHARSET=utf8mb4 COLLATE=utf8mb4_0900_ai_ci;
/*!40101 SET character_set_client = @saved_cs_client */;

--
-- Dumping data for table `media_types`
--

LOCK TABLES `media_types` WRITE;
/*!40000 ALTER TABLE `media_types` DISABLE KEYS */;
INSERT INTO `media_types` VALUES (4,'Daltfresh'),(1,'Flexidy'),(2,'Job'),(3,'Prodder');
/*!40000 ALTER TABLE `media_types` ENABLE KEYS */;
UNLOCK TABLES;

--
-- Table structure for table `messages`
--

DROP TABLE IF EXISTS `messages`;
/*!40101 SET @saved_cs_client     = @@character_set_client */;
/*!50503 SET character_set_client = utf8mb4 */;
CREATE TABLE `messages` (
  `id` bigint unsigned NOT NULL AUTO_INCREMENT,
  `from_user_id` bigint unsigned NOT NULL,
  `to_user_id` bigint unsigned NOT NULL,
  `txt` text NOT NULL,
  `is_delivered` tinyint(1) DEFAULT '0',
  `created_at` datetime NOT NULL DEFAULT CURRENT_TIMESTAMP,
  `updated_at` datetime DEFAULT CURRENT_TIMESTAMP ON UPDATE CURRENT_TIMESTAMP COMMENT 'Р’СЂРµРјСЏ РѕР±РЅРѕРІР»РµРЅРёСЏ СЃС‚СЂРѕРєРё',
  PRIMARY KEY (`id`),
  UNIQUE KEY `id` (`id`),
  KEY `messages_from_user_id_idx` (`from_user_id`),
  KEY `messages_to_user_id_idx` (`to_user_id`),
  CONSTRAINT `fk_messages_from_user_id` FOREIGN KEY (`from_user_id`) REFERENCES `users` (`id`),
  CONSTRAINT `fk_messages_to_user_id` FOREIGN KEY (`to_user_id`) REFERENCES `users` (`id`)
) ENGINE=InnoDB AUTO_INCREMENT=51 DEFAULT CHARSET=utf8mb4 COLLATE=utf8mb4_0900_ai_ci;
/*!40101 SET character_set_client = @saved_cs_client */;

--
-- Dumping data for table `messages`
--

LOCK TABLES `messages` WRITE;
/*!40000 ALTER TABLE `messages` DISABLE KEYS */;
INSERT INTO `messages` VALUES (1,1,1,'Vestibulum quam sapien, varius ut, blandit non, interdum in, ante. Vestibulum ante ipsum primis in faucibus orci luctus et ultrices posuere cubilia Curae; Duis faucibus accumsan odio. Curabitur convallis. Duis consequat dui nec nisi volutpat eleifend.',0,'2021-04-25 00:00:00','2021-07-15 21:46:14'),(2,2,2,'Duis aliquam convallis nunc. Proin at turpis a pede posuere nonummy. Integer non velit. Donec diam neque, vestibulum eget, vulputate ut, ultrices vel, augue. Vestibulum ante ipsum primis in faucibus orci luctus et ultrices posuere cubilia Curae; Donec pharetra, magna vestibulum aliquet ultrices, erat tortor sollicitudin mi, sit amet lobortis sapien sapien non mi.',0,'2020-12-02 00:00:00','2021-07-15 21:46:14'),(3,3,3,'Nullam orci pede, venenatis non, sodales sed, tincidunt eu, felis. Fusce posuere felis sed lacus. Morbi sem mauris, laoreet ut, rhoncus aliquet, pulvinar sed, nisl. Nunc rhoncus dui vel sem.',0,'2020-08-31 00:00:00','2021-07-15 21:46:14'),(4,4,4,'Donec dapibus.',0,'2021-12-05 00:00:00','2021-07-15 21:46:14'),(5,5,5,'Cras mi pede, malesuada in, imperdiet et, commodo vulputate, justo. In blandit ultrices enim.',0,'2021-05-25 00:00:00','2021-07-15 21:46:14'),(6,6,6,'Quisque porta volutpat erat. Quisque erat eros, viverra eget, congue eget, semper rutrum, nulla. Nunc purus.',0,'2021-10-30 00:00:00','2021-07-15 21:46:14'),(7,7,7,'Nullam sit amet turpis elementum ligula vehicula consequat. Morbi a ipsum. Integer a nibh. In quis justo.',0,'2021-09-28 00:00:00','2021-07-15 21:46:14'),(8,8,8,'Vivamus metus arcu, adipiscing molestie, hendrerit at, vulputate vitae, nisl.',0,'2020-08-18 00:00:00','2021-07-15 21:46:15'),(9,9,9,'Nulla mollis molestie lorem.',0,'2020-11-02 00:00:00','2021-07-15 21:46:15'),(10,10,10,'Mauris lacinia sapien quis libero. Nullam sit amet turpis elementum ligula vehicula consequat.',0,'2021-08-20 00:00:00','2021-07-15 21:46:15'),(11,11,11,'Vestibulum ante ipsum primis in faucibus orci luctus et ultrices posuere cubilia Curae; Mauris viverra diam vitae quam. Suspendisse potenti. Nullam porttitor lacus at turpis. Donec posuere metus vitae ipsum.',0,'2020-12-23 00:00:00','2021-07-15 21:46:15'),(12,12,12,'Nullam molestie nibh in lectus. Pellentesque at nulla.',0,'2021-06-27 00:00:00','2021-07-15 21:46:15'),(13,13,13,'Nunc rhoncus dui vel sem. Sed sagittis.',0,'2021-06-08 00:00:00','2021-07-15 21:46:15'),(14,14,14,'In eleifend quam a odio. In hac habitasse platea dictumst.',0,'2021-02-16 00:00:00','2021-07-15 21:46:15'),(15,15,15,'Nulla nisl. Nunc nisl. Duis bibendum, felis sed interdum venenatis, turpis enim blandit mi, in porttitor pede justo eu massa.',0,'2021-08-01 00:00:00','2021-07-15 21:46:15'),(16,16,16,'Morbi vestibulum, velit id pretium iaculis, diam erat fermentum justo, nec condimentum neque sapien placerat ante. Nulla justo. Aliquam quis turpis eget elit sodales scelerisque. Mauris sit amet eros. Suspendisse accumsan tortor quis turpis.',0,'2021-01-24 00:00:00','2021-07-15 21:46:15'),(17,17,17,'Cum sociis natoque penatibus et magnis dis parturient montes, nascetur ridiculus mus. Vivamus vestibulum sagittis sapien.',0,'2020-07-31 00:00:00','2021-07-15 21:46:15'),(18,18,18,'Phasellus sit amet erat. Nulla tempus. Vivamus in felis eu sapien cursus vestibulum. Proin eu mi. Nulla ac enim.',0,'2021-09-10 00:00:00','2021-07-15 21:46:15'),(19,19,19,'Nullam sit amet turpis elementum ligula vehicula consequat. Morbi a ipsum. Integer a nibh.',0,'2021-05-16 00:00:00','2021-07-15 21:46:16'),(20,20,20,'In congue. Etiam justo. Etiam pretium iaculis justo. In hac habitasse platea dictumst.',0,'2021-07-19 00:00:00','2021-07-15 21:46:16'),(21,21,21,'Vivamus in felis eu sapien cursus vestibulum. Proin eu mi. Nulla ac enim. In tempor, turpis nec euismod scelerisque, quam turpis adipiscing lorem, vitae mattis nibh ligula nec sem.',0,'2020-12-01 00:00:00','2021-07-15 21:46:16'),(22,22,22,'Praesent id massa id nisl venenatis lacinia. Aenean sit amet justo.',0,'2021-12-23 00:00:00','2021-07-15 21:46:16'),(23,23,23,'Vivamus in felis eu sapien cursus vestibulum. Proin eu mi. Nulla ac enim.',0,'2021-06-10 00:00:00','2021-07-15 21:46:16'),(24,24,24,'Etiam vel augue. Vestibulum rutrum rutrum neque. Aenean auctor gravida sem. Praesent id massa id nisl venenatis lacinia. Aenean sit amet justo.',0,'2021-12-02 00:00:00','2021-07-15 21:46:16'),(25,25,25,'Integer tincidunt ante vel ipsum.',0,'2021-01-09 00:00:00','2021-07-15 21:46:16'),(26,26,26,'Sed vel enim sit amet nunc viverra dapibus. Nulla suscipit ligula in lacus. Curabitur at ipsum ac tellus semper interdum.',0,'2021-04-28 00:00:00','2021-07-15 21:46:16'),(27,27,27,'Praesent lectus. Vestibulum quam sapien, varius ut, blandit non, interdum in, ante. Vestibulum ante ipsum primis in faucibus orci luctus et ultrices posuere cubilia Curae; Duis faucibus accumsan odio. Curabitur convallis.',0,'2020-10-03 00:00:00','2021-07-15 21:46:16'),(28,28,28,'Proin eu mi.',0,'2021-10-26 00:00:00','2021-07-15 21:46:16'),(29,29,29,'Nulla suscipit ligula in lacus.',0,'2021-10-26 00:00:00','2021-07-15 21:46:16'),(30,30,30,'Quisque ut erat. Curabitur gravida nisi at nibh. In hac habitasse platea dictumst. Aliquam augue quam, sollicitudin vitae, consectetuer eget, rutrum at, lorem.',0,'2020-11-24 00:00:00','2021-07-15 21:46:16'),(31,31,31,'Integer a nibh. In quis justo. Maecenas rhoncus aliquam lacus. Morbi quis tortor id nulla ultrices aliquet.',0,'2021-03-22 00:00:00','2021-07-15 21:46:17'),(32,32,32,'Nulla mollis molestie lorem. Quisque ut erat. Curabitur gravida nisi at nibh. In hac habitasse platea dictumst.',0,'2020-08-15 00:00:00','2021-07-15 21:46:17'),(33,33,33,'Integer a nibh.',0,'2021-01-30 00:00:00','2021-07-15 21:46:17'),(34,34,34,'Pellentesque eget nunc. Donec quis orci eget orci vehicula condimentum. Curabitur in libero ut massa volutpat convallis.',0,'2021-11-27 00:00:00','2021-07-15 21:46:17'),(35,35,35,'Morbi odio odio, elementum eu, interdum eu, tincidunt in, leo. Maecenas pulvinar lobortis est.',0,'2020-08-26 00:00:00','2021-07-15 21:46:17'),(36,36,36,'Integer non velit. Donec diam neque, vestibulum eget, vulputate ut, ultrices vel, augue. Vestibulum ante ipsum primis in faucibus orci luctus et ultrices posuere cubilia Curae; Donec pharetra, magna vestibulum aliquet ultrices, erat tortor sollicitudin mi, sit amet lobortis sapien sapien non mi. Integer ac neque.',0,'2021-05-20 00:00:00','2021-07-15 21:46:17'),(37,37,37,'In quis justo.',0,'2021-04-18 00:00:00','2021-07-15 21:46:17'),(38,38,38,'Morbi sem mauris, laoreet ut, rhoncus aliquet, pulvinar sed, nisl. Nunc rhoncus dui vel sem. Sed sagittis. Nam congue, risus semper porta volutpat, quam pede lobortis ligula, sit amet eleifend pede libero quis orci.',0,'2020-09-12 00:00:00','2021-07-15 21:46:17'),(39,39,39,'Morbi quis tortor id nulla ultrices aliquet. Maecenas leo odio, condimentum id, luctus nec, molestie sed, justo. Pellentesque viverra pede ac diam. Cras pellentesque volutpat dui. Maecenas tristique, est et tempus semper, est quam pharetra magna, ac consequat metus sapien ut nunc.',0,'2021-05-09 00:00:00','2021-07-15 21:46:17'),(40,40,40,'Maecenas leo odio, condimentum id, luctus nec, molestie sed, justo. Pellentesque viverra pede ac diam. Cras pellentesque volutpat dui.',0,'2020-08-29 00:00:00','2021-07-15 21:46:17'),(41,41,41,'Integer ac neque.',0,'2021-03-09 00:00:00','2021-07-15 21:46:17'),(42,42,42,'Quisque id justo sit amet sapien dignissim vestibulum.',0,'2021-10-08 00:00:00','2021-07-15 21:46:17'),(43,43,43,'Quisque porta volutpat erat.',0,'2021-04-22 00:00:00','2021-07-15 21:46:17'),(44,44,44,'Nullam orci pede, venenatis non, sodales sed, tincidunt eu, felis. Fusce posuere felis sed lacus. Morbi sem mauris, laoreet ut, rhoncus aliquet, pulvinar sed, nisl. Nunc rhoncus dui vel sem. Sed sagittis.',0,'2021-01-17 00:00:00','2021-07-15 21:46:18'),(45,45,45,'Proin leo odio, porttitor id, consequat in, consequat ut, nulla.',0,'2021-12-23 00:00:00','2021-07-15 21:46:18'),(46,46,46,'Sed accumsan felis. Ut at dolor quis odio consequat varius. Integer ac leo.',0,'2021-01-02 00:00:00','2021-07-15 21:46:18'),(47,47,47,'Duis ac nibh. Fusce lacus purus, aliquet at, feugiat non, pretium quis, lectus. Suspendisse potenti. In eleifend quam a odio. In hac habitasse platea dictumst.',0,'2020-08-21 00:00:00','2021-07-15 21:46:18'),(48,48,48,'Nulla nisl. Nunc nisl. Duis bibendum, felis sed interdum venenatis, turpis enim blandit mi, in porttitor pede justo eu massa. Donec dapibus.',0,'2021-01-09 00:00:00','2021-07-15 21:46:18'),(49,49,49,'Duis ac nibh. Fusce lacus purus, aliquet at, feugiat non, pretium quis, lectus. Suspendisse potenti.',0,'2021-05-02 00:00:00','2021-07-15 21:46:18'),(50,50,50,'In hac habitasse platea dictumst. Etiam faucibus cursus urna. Ut tellus.',0,'2021-08-05 00:00:00','2021-07-15 21:46:18');
/*!40000 ALTER TABLE `messages` ENABLE KEYS */;
UNLOCK TABLES;

--
-- Table structure for table `post_like`
--

DROP TABLE IF EXISTS `post_like`;
/*!40101 SET @saved_cs_client     = @@character_set_client */;
/*!50503 SET character_set_client = utf8mb4 */;
CREATE TABLE `post_like` (
  `from_user_id` bigint unsigned NOT NULL,
  `to_post_id` bigint unsigned NOT NULL,
  `is_like_post` tinyint(1) DEFAULT '0',
  PRIMARY KEY (`from_user_id`,`to_post_id`),
  KEY `post_like_from_user_id_idx` (`from_user_id`),
  KEY `post_like_to_post_id_idx` (`to_post_id`),
  CONSTRAINT `fk_post_like_from_user_id` FOREIGN KEY (`from_user_id`) REFERENCES `users` (`id`),
  CONSTRAINT `fk_post_like_to_post_id` FOREIGN KEY (`to_post_id`) REFERENCES `posts` (`id`)
) ENGINE=InnoDB DEFAULT CHARSET=utf8mb4 COLLATE=utf8mb4_0900_ai_ci;
/*!40101 SET character_set_client = @saved_cs_client */;

--
-- Dumping data for table `post_like`
--

LOCK TABLES `post_like` WRITE;
/*!40000 ALTER TABLE `post_like` DISABLE KEYS */;
/*!40000 ALTER TABLE `post_like` ENABLE KEYS */;
UNLOCK TABLES;

--
-- Table structure for table `posts`
--

DROP TABLE IF EXISTS `posts`;
/*!40101 SET @saved_cs_client     = @@character_set_client */;
/*!50503 SET character_set_client = utf8mb4 */;
CREATE TABLE `posts` (
  `id` bigint unsigned NOT NULL AUTO_INCREMENT,
  `from_user_id` bigint unsigned NOT NULL,
  `post` text,
  `like_count` bigint unsigned DEFAULT '0',
  PRIMARY KEY (`id`),
  UNIQUE KEY `id` (`id`),
  KEY `post_from_user_id_idx` (`from_user_id`),
  CONSTRAINT `fk_post_from_user_id` FOREIGN KEY (`from_user_id`) REFERENCES `users` (`id`)
) ENGINE=InnoDB DEFAULT CHARSET=utf8mb4 COLLATE=utf8mb4_0900_ai_ci;
/*!40101 SET character_set_client = @saved_cs_client */;

--
-- Dumping data for table `posts`
--

LOCK TABLES `posts` WRITE;
/*!40000 ALTER TABLE `posts` DISABLE KEYS */;
/*!40000 ALTER TABLE `posts` ENABLE KEYS */;
UNLOCK TABLES;

--
-- Table structure for table `profiles`
--

DROP TABLE IF EXISTS `profiles`;
/*!40101 SET @saved_cs_client     = @@character_set_client */;
/*!50503 SET character_set_client = utf8mb4 */;
CREATE TABLE `profiles` (
  `user_id` bigint unsigned NOT NULL,
  `gender` enum('f','m','x') NOT NULL,
  `birthday` date NOT NULL,
  `photo_id` bigint unsigned DEFAULT NULL,
  `city` varchar(130) DEFAULT NULL,
  `country` varchar(130) DEFAULT NULL,
  PRIMARY KEY (`user_id`),
  CONSTRAINT `profiles_ibfk_1` FOREIGN KEY (`user_id`) REFERENCES `users` (`id`)
) ENGINE=InnoDB DEFAULT CHARSET=utf8mb4 COLLATE=utf8mb4_0900_ai_ci;
/*!40101 SET character_set_client = @saved_cs_client */;

--
-- Dumping data for table `profiles`
--

LOCK TABLES `profiles` WRITE;
/*!40000 ALTER TABLE `profiles` DISABLE KEYS */;
/*!40000 ALTER TABLE `profiles` ENABLE KEYS */;
UNLOCK TABLES;

--
-- Table structure for table `user_like`
--

DROP TABLE IF EXISTS `user_like`;
/*!40101 SET @saved_cs_client     = @@character_set_client */;
/*!50503 SET character_set_client = utf8mb4 */;
CREATE TABLE `user_like` (
  `from_user_id` bigint unsigned NOT NULL,
  `to_user_id` bigint unsigned NOT NULL,
  `is_like_user` tinyint(1) DEFAULT '0',
  PRIMARY KEY (`from_user_id`,`to_user_id`),
  KEY `user_like_from_user_id_idx` (`from_user_id`),
  KEY `user_like_to_post_id_idx` (`to_user_id`),
  CONSTRAINT `fkl_post_like_from_user_id` FOREIGN KEY (`from_user_id`) REFERENCES `users` (`id`),
  CONSTRAINT `fkl_post_like_to_user_id` FOREIGN KEY (`to_user_id`) REFERENCES `users` (`id`)
) ENGINE=InnoDB DEFAULT CHARSET=utf8mb4 COLLATE=utf8mb4_0900_ai_ci;
/*!40101 SET character_set_client = @saved_cs_client */;

--
-- Dumping data for table `user_like`
--

LOCK TABLES `user_like` WRITE;
/*!40000 ALTER TABLE `user_like` DISABLE KEYS */;
/*!40000 ALTER TABLE `user_like` ENABLE KEYS */;
UNLOCK TABLES;

--
-- Table structure for table `users`
--

DROP TABLE IF EXISTS `users`;
/*!40101 SET @saved_cs_client     = @@character_set_client */;
/*!50503 SET character_set_client = utf8mb4 */;
CREATE TABLE `users` (
  `id` bigint unsigned NOT NULL AUTO_INCREMENT,
  `first_name` varchar(145) NOT NULL,
  `last_name` varchar(145) NOT NULL,
  `email` varchar(145) NOT NULL,
  `phone` char(11) NOT NULL,
  `password_hash` char(65) DEFAULT NULL,
  `like_count` bigint unsigned DEFAULT '0',
  `created_at` datetime NOT NULL DEFAULT CURRENT_TIMESTAMP,
  PRIMARY KEY (`id`),
  UNIQUE KEY `email` (`email`),
  KEY `phone` (`phone`),
  KEY `email_2` (`email`)
) ENGINE=InnoDB AUTO_INCREMENT=201 DEFAULT CHARSET=utf8mb4 COLLATE=utf8mb4_0900_ai_ci;
/*!40101 SET character_set_client = @saved_cs_client */;

--
-- Dumping data for table `users`
--

LOCK TABLES `users` WRITE;
/*!40000 ALTER TABLE `users` DISABLE KEYS */;
INSERT INTO `users` VALUES (1,'Adriano','Lowson','alowson0@cargocollective.com','2053818103','c8cff13820cbd1ae63fc4625a541f2df04cdbecb',0,'2020-06-25 00:00:00'),(2,'Dewitt','Howler','dhowler1@shinystat.com','3772624670','3f02c7eb9ba6f7a1ca6123690bd93251f5bb4acd',0,'2021-02-02 00:00:00'),(3,'Letta','Sperwell','lsperwell2@hibu.com','1163532532','6664bfe8cde61fd4b65d667f3bb627ad348750f0',0,'2020-12-08 00:00:00'),(4,'Suzie','Aberdein','saberdein3@deviantart.com','3474228094','345765217ff4b71114939bbf231977d4ed5ce011',0,'2020-02-25 00:00:00'),(5,'Gottfried','Testro','gtestro4@sakura.ne.jp','3402439275','751777cbf091d26d35881fdb874d1a10f6019f80',0,'2021-08-10 00:00:00'),(6,'Ardis','Mabee','amabee5@hhs.gov','1314250021','9d46ff1969bde69061ea685028682e8212c4b0ea',0,'2020-04-10 00:00:00'),(7,'Ilyse','Fears','ifears6@miibeian.gov.cn','2814418430','6b0f4362cce135643952a94fd42a512724e203b2',0,'2020-09-25 00:00:00'),(8,'Deeann','Garnall','dgarnall7@narod.ru','1979395927','4223b13472f49b2018b64e140671f3efecb39db6',0,'2021-05-18 00:00:00'),(9,'Kelwin','Flicker','kflicker8@google.co.jp','5556169221','095e4f7549fe7e11722827f0896d285c93b85dda',0,'2020-05-23 00:00:00'),(10,'Maurene','Reekie','mreekie9@webnode.com','3052101054','53aaa4d2fdaca5e77bb88e40d045989ba37bc6e5',0,'2021-08-17 00:00:00'),(11,'Matthiew','Bickerstaffe','mbickerstaffea@opera.com','2809773044','23c5becedbe98e043212578bcc10c15db85aa6b1',0,'2020-01-02 00:00:00'),(12,'Twila','Antoniat','tantoniatb@cisco.com','9992312351','5a59a1089d505c79283d23f53e3ac3bbcb1ffa52',0,'2021-10-10 00:00:00'),(13,'Babbie','Burchatt','bburchattc@wikimedia.org','1299521229','11f1cecc6f87ea635ad9f6167be61598f6be933d',0,'2020-01-05 00:00:00'),(14,'Bogey','Jiggle','bjiggled@howstuffworks.com','8593644498','3dad05876c3cbf7863e61e898b05c9723255edd4',0,'2020-05-02 00:00:00'),(15,'Agnesse','Manklow','amanklowe@csmonitor.com','2662444585','d800d9747e6c60a84aa1d07aa702fd1bea52223b',0,'2021-02-21 00:00:00'),(16,'Rosana','Fife','rfifef@edublogs.org','1889122596','150ce67ee71fcb63f8f5e79749fc6282fb153767',0,'2020-05-09 00:00:00'),(17,'Maryjane','Butterwick','mbutterwickg@themeforest.net','6568858141','3aae72efa3d33ea8d2d6fc42d8c575894494b45b',0,'2020-12-22 00:00:00'),(18,'Lyell','Hatry','lhatryh@businessweek.com','1743195001','6524a46ffc5ac0c8ede0f404174e9ff9b94a5aa5',0,'2020-05-20 00:00:00'),(19,'Barris','Perell','bperelli@g.co','8544967574','218af53c21d709411c8be5561c6f23b0a89ca2ce',0,'2020-12-12 00:00:00'),(20,'Cariotta','Knudsen','cknudsenj@taobao.com','9123624984','1bbfa813c8b45e19480dc3a879089114a1df4d3b',0,'2020-11-18 00:00:00'),(21,'Darby','Baniard','dbaniardk@delicious.com','6658771426','b78fe2b9677c44a77bd979f06448d49452663c43',0,'2021-09-04 00:00:00'),(22,'Conway','Natalie','cnataliel@businessweek.com','8504626275','81d39cac0cb0816f3625d44d8343db7ac650343f',0,'2021-11-18 00:00:00'),(23,'Cristian','Hammand','chammandm@salon.com','1138089758','6b3af57e447ac83d73232d4ff9bb8552030a395b',0,'2020-01-28 00:00:00'),(24,'Vere','Barrow','vbarrown@abc.net.au','1716756599','999f71f386e0b889ad6adf891cd09ec7cce53b74',0,'2020-11-19 00:00:00'),(25,'Gran','Orpen','gorpeno@i2i.jp','7893169644','ccbb8df6553f6d034902e815ae37b0913163193d',0,'2021-06-12 00:00:00'),(26,'Sallie','Britton','sbrittonp@chronoengine.com','7573536829','64c92db9ebe97827ee2945b6ad97fe0fbd66667e',0,'2021-04-08 00:00:00'),(27,'Andris','Stagg','astaggq@ehow.com','3426154111','68c3789532f6cf17870e8e324a269ccc3e6b6c99',0,'2021-10-16 00:00:00'),(28,'Laurianne','Zorro','lzorror@mayoclinic.com','5908749605','3125f408143d5e813579547333b735535b40eba6',0,'2020-04-24 00:00:00'),(29,'Archer','Humphrys','ahumphryss@themeforest.net','8791599331','d9cb9727dba1ab3a0e4f79c76b884d9ae6a351bc',0,'2021-11-04 00:00:00'),(30,'Nikos','Kearns','nkearnst@hexun.com','3063314802','f759156cc63393d30a73a505a4dc0babd0c9116a',0,'2021-04-22 00:00:00'),(31,'Moses','Grason','mgrasonu@wisc.edu','9548237384','c791671112296a5ddabcb717c0afb712c0933c96',0,'2020-11-29 00:00:00'),(32,'Jarid','Elis','jelisv@nih.gov','5126239474','0b04c48cec11a5b5f89d9c782b5c43b0402684d0',0,'2021-11-21 00:00:00'),(33,'Julina','Acuna','jacunaw@gravatar.com','3548092160','0e7c8defa9609562a4a5d30f40da549d8088c5b2',0,'2020-04-24 00:00:00'),(34,'Alverta','Leades','aleadesx@altervista.org','6863321510','748bfbd0a4bc5938f5d32858003f1e42fbff1864',0,'2020-04-12 00:00:00'),(35,'Washington','Moorey','wmooreyy@cnn.com','3672432021','19ada1f7bb69a0c46060466488ff7a30041faad4',0,'2021-05-20 00:00:00'),(36,'Somerset','Rouse','srousez@yale.edu','3087253116','7917ba5f686fb25288fe94e7a0b3b601fb9bca42',0,'2020-02-12 00:00:00'),(37,'Ingeborg','Nisbet','inisbet10@sakura.ne.jp','8442850465','a8798aa615fd646c4dc1a18e9563d3af7898b97a',0,'2021-07-25 00:00:00'),(38,'Cordell','Marushak','cmarushak11@utexas.edu','3402566186','e83d9b7de4845993290b7299a3d0f6346410afbe',0,'2021-10-18 00:00:00'),(39,'Sammie','Dishman','sdishman12@ibm.com','8088187351','067b77227b4fea2a2fc9c7a0b168d894753e2049',0,'2020-03-12 00:00:00'),(40,'Javier','Doxsey','jdoxsey13@friendfeed.com','3018969163','40b92e480638f34e172411e78ee684161f44f365',0,'2020-12-02 00:00:00'),(41,'Lorne','Budnk','lbudnk14@github.io','7616345590','1b5499c44420d057248d23926181c816cf141fbd',0,'2021-07-15 00:00:00'),(42,'Matias','Bodesson','mbodesson15@nytimes.com','6187764852','2e07bde18f61d08113c8f2f07640081829385abc',0,'2020-04-25 00:00:00'),(43,'Eamon','Novello','enovello16@moonfruit.com','8845500056','402ed27749531a1e78e37dc742c9904fded43012',0,'2020-09-14 00:00:00'),(44,'Bastien','Drohun','bdrohun17@virginia.edu','3032828842','6c3a762f584ebcbd7002acdd2d9b466f1ae11eed',0,'2020-06-26 00:00:00'),(45,'Tito','Merali','tmerali18@hatena.ne.jp','5755766957','0344043ae9f746e979d249f2275aa24f440ac525',0,'2020-05-18 00:00:00'),(46,'Malanie','Wedderburn','mwedderburn19@ed.gov','9275351343','38044914dc519bb3d600178561d0471f6a863922',0,'2021-10-07 00:00:00'),(47,'Preston','Longshaw','plongshaw1a@chicagotribune.com','3044067336','9e4d27469ab55491c4386991abe3e397176944b0',0,'2020-07-23 00:00:00'),(48,'Suzie','Dymock','sdymock1b@tripod.com','9367988781','5edd2ef7e7ea43ab705d88db4acc003cf205b49e',0,'2020-06-03 00:00:00'),(49,'Danny','Mitkin','dmitkin1c@themeforest.net','7955789574','5f6be7406689f69a4a5b02a968237af034d9588b',0,'2020-04-20 00:00:00'),(50,'Filide','Vinall','fvinall1d@ftc.gov','5467536896','5a1654d76655c07da808a2a792192266e06b2c6f',0,'2021-01-12 00:00:00'),(51,'Nevil','Bransby','nbransby1e@slate.com','9622748922','2093c19ac14ae46848865fc31b4bf6b411738af0',0,'2020-05-03 00:00:00'),(52,'Jaime','Hiscoe','jhiscoe1f@apple.com','6476750450','338e9d89b94e0460b75bb5f4a8a407cf44e778fa',0,'2020-03-28 00:00:00'),(53,'Dallis','Booker','dbooker1g@slashdot.org','3254738050','85e877aa1ad7e7a79fa8998cefa2186a0ade09fa',0,'2020-01-11 00:00:00'),(54,'Mae','Vynall','mvynall1h@1und1.de','5824968088','63981c0f9783f908f6f23730f2c7d22996e0157b',0,'2021-06-11 00:00:00'),(55,'Gregorius','Westoff','gwestoff1i@accuweather.com','2649653642','13acb74f5e05024316659ee4a00abad1f2e4422d',0,'2021-01-25 00:00:00'),(56,'Patty','Grimshaw','pgrimshaw1j@opensource.org','1053817629','07f29e6eb5d3bc7ea1b0e57362a554cb3b84a6ba',0,'2020-04-08 00:00:00'),(57,'Eliot','Roskam','eroskam1k@tmall.com','4508764513','98c642912f73e4cb52d459fabcde567c5f2a44a4',0,'2021-05-29 00:00:00'),(58,'Mil','Weldrake','mweldrake1l@msu.edu','5824141834','c23887a2899f0a7b083cec70570db818589dc136',0,'2021-07-23 00:00:00'),(59,'Hubie','Grishkov','hgrishkov1m@mashable.com','6652096592','9071f2307c6a6f140e5649f22cdf7c1f4549dbd7',0,'2021-07-16 00:00:00'),(60,'Justinn','Bean','jbean1n@biblegateway.com','5566646659','f472991d0aa198943321cdd0f379272511493ae3',0,'2020-10-21 00:00:00'),(61,'Lynne','Bougourd','lbougourd1o@ft.com','1206739013','8f5b65ebc667944077d8c658a27af22edfd4e64d',0,'2021-05-01 00:00:00'),(62,'Brietta','Jennens','bjennens1p@mozilla.com','2717263098','ad6ba338e9cb5a5f553abbfd1b9e210e90450d26',0,'2021-02-25 00:00:00'),(63,'Camilla','Kippax','ckippax1q@discuz.net','7209300094','b216c5398f1620a169a0e6c7c7c6e9854212c11c',0,'2021-11-09 00:00:00'),(64,'Bartram','Fullick','bfullick1r@alexa.com','4241967453','33e8db9dee95893f1304cdb8161354c52485f4bf',0,'2021-11-15 00:00:00'),(65,'Retha','Halladay','rhalladay1s@hibu.com','4441014500','00426c59bd2e5b5f706ef68871cbba4af3114b51',0,'2021-10-20 00:00:00'),(66,'Bob','Hadrill','bhadrill1t@washington.edu','2536769909','34b6be0d9e32d00b316e7ff0231e1cd8793bba3b',0,'2021-01-07 00:00:00'),(67,'Tadeas','Quodling','tquodling1u@soundcloud.com','1539470832','6beae61bc4474c616da49031ec1e3ece3bf6a259',0,'2021-02-02 00:00:00'),(68,'Husain','Wychard','hwychard1v@squarespace.com','4858787173','ee0c60be4291be0aed21926567caf27968188e2d',0,'2020-03-27 00:00:00'),(69,'Rana','Ravilus','rravilus1w@sfgate.com','5519288459','e7e3db8721434ecba001b8b4b6cbeb73a80780af',0,'2021-11-04 00:00:00'),(70,'Rhiamon','Stodd','rstodd1x@salon.com','2739246291','6b7f473a0025a3147d81f49b3663ffeaa33bd5b4',0,'2021-01-14 00:00:00'),(71,'Gael','McIlvaney','gmcilvaney1y@statcounter.com','4295000417','1c308d23f3e444645c012666ae89c3a001258df8',0,'2021-08-13 00:00:00'),(72,'Jens','Ray','jray1z@wisc.edu','7438948258','c13d73672462774052b0245b494062c696507600',0,'2020-12-23 00:00:00'),(73,'Rogerio','Davidescu','rdavidescu20@paypal.com','7094676571','841e8bbe267907eec7e958a1623983f751c4c686',0,'2021-09-07 00:00:00'),(74,'Anson','Sieghart','asieghart21@japanpost.jp','9361925120','8e416d74b29dfc2b376c55b212027ddf2acf259d',0,'2020-03-10 00:00:00'),(75,'Crista','Sedgefield','csedgefield22@netscape.com','1507161442','7acad82d1014a9a3bfbbe0ee3cd946d6ae75fc72',0,'2020-06-14 00:00:00'),(76,'Franciskus','Toffel','ftoffel23@chronoengine.com','4211129729','ff836cea16dbeb92fc5f951ff3d59ff45336175d',0,'2021-07-05 00:00:00'),(77,'Gussie','Dosdale','gdosdale24@oakley.com','6193369567','da8cfe045664cb9cdf7c9c41922ccf7af52f3c1f',0,'2020-01-03 00:00:00'),(78,'Charita','Livzey','clivzey25@ucla.edu','5848786674','7de5008796a053863a7add9ca5adaac91c0b21d5',0,'2021-01-22 00:00:00'),(79,'Hobard','Prigg','hprigg26@noaa.gov','5441201992','01b7e9a341f62e397b930a0fb5e211132bbf35fb',0,'2020-02-11 00:00:00'),(80,'Winonah','Betton','wbetton27@mysql.com','3411511703','757aefe2aac6f1c4465557b3b4d4919f428b32e8',0,'2021-04-29 00:00:00'),(81,'Germana','Alfonso','galfonso28@merriam-webster.com','9972283036','68906312007c4e09cf6849a78baed35355287a65',0,'2020-01-11 00:00:00'),(82,'Haily','Hamfleet','hhamfleet29@yellowpages.com','1859875448','33a43bea2f17cc1ecaa950248c83016b1643e5af',0,'2021-09-12 00:00:00'),(83,'Lauraine','Truman','ltruman2a@huffingtonpost.com','6163475971','4b577a20294f46dba0a80603f16ef81fb70aa1c5',0,'2021-02-23 00:00:00'),(84,'Fitzgerald','Mackneis','fmackneis2b@liveinternet.ru','5062339010','0ae4815e4db03bcde24f8f156def3a44023413c6',0,'2020-10-09 00:00:00'),(85,'Mace','Breakwell','mbreakwell2c@seesaa.net','7789549565','f486a57fd6fd78b7d8426aa685abecfd9da62981',0,'2021-09-19 00:00:00'),(86,'Yankee','Firpi','yfirpi2d@goo.ne.jp','9453403356','10e4eb2144fbfa0440c3ead0ec313d9c5f2232f4',0,'2020-06-24 00:00:00'),(87,'Carey','Wainer','cwainer2e@samsung.com','6383876433','70976e2a80263b1919c33667403a984e847325a7',0,'2021-01-18 00:00:00'),(88,'James','Bowbrick','jbowbrick2f@plala.or.jp','9472975325','309f1642e9bd4cfcd554de2ab1aebe1a359bb07a',0,'2020-02-06 00:00:00'),(89,'Shepherd','Rivlin','srivlin2g@scribd.com','1185240177','795ea0c25be06642fe4069f2e1e29897222de846',0,'2020-10-06 00:00:00'),(90,'Clarette','Deetch','cdeetch2h@webmd.com','4756789622','bdb6dceaf7851b127432349b103355647f780a5b',0,'2021-02-22 00:00:00'),(91,'Michaela','Thorley','mthorley2i@sourceforge.net','6483371271','24ec615d0ac9eb2d57fdc72379bc8e46a1d35945',0,'2020-08-07 00:00:00'),(92,'Ailee','Fireman','afireman2j@addthis.com','1089245800','41aa1e434b2c19a650a0a1fc20c1ce0be5fab2a8',0,'2020-12-02 00:00:00'),(93,'Frannie','Lamburne','flamburne2k@com.com','4298323663','3a7ca6fdb1dbc87a2ac68894075907f8f99cffe4',0,'2020-04-13 00:00:00'),(94,'Carroll','Bess','cbess2l@huffingtonpost.com','2058184667','234c79c8ffe43207003b6e4706df1053f4ac69a1',0,'2021-06-01 00:00:00'),(95,'Kit','Melladew','kmelladew2m@addthis.com','6258748137','42687840d90012aa4733ee4903f80b4268273fad',0,'2021-11-04 00:00:00'),(96,'Walliw','Woolaghan','wwoolaghan2n@shinystat.com','3198177400','03b2a4f51c5a33cfa488f13038f18bee625c0728',0,'2021-09-08 00:00:00'),(97,'Jessee','Cleynaert','jcleynaert2o@shareasale.com','3152021290','c8bcb9a988ef5bddfa063b1a30c5a5d32a44325d',0,'2020-05-13 00:00:00'),(98,'Rebeca','Gilliatt','rgilliatt2p@soup.io','5637623563','f91bc29479f0e29bf1001c8c753e638022c7e0e5',0,'2021-11-26 00:00:00'),(99,'Ulrikaumeko','Westmarland','uwestmarland2q@fema.gov','5584407028','237c2ce4360a7870fed91c2cae80b6f873aa9e2c',0,'2020-03-01 00:00:00'),(100,'Sacha','Ranvoise','sranvoise2r@ovh.net','9553917511','a9186cdb130011fa5a8d1329db87022085b3d86d',0,'2021-02-17 00:00:00'),(101,'Jamill','Horburgh','jhorburgh2s@bing.com','1887875362','87e86daa18fe9b741e07bbc8c63849e8a7f26911',0,'2020-03-07 00:00:00'),(102,'Ninnette','Skein','nskein2t@squarespace.com','1298591319','98e79f352ff9f7afbcb83daa858e662945663b73',0,'2020-09-06 00:00:00'),(103,'Mikey','Rubbens','mrubbens2u@spiegel.de','9028381839','b7e18d948e018aed3f0d1be213b1a459f45dea2e',0,'2020-05-08 00:00:00'),(104,'Marve','Postins','mpostins2v@kickstarter.com','4002833137','636378813d9a502f8611d0667397c2e2f5d99fd5',0,'2021-01-16 00:00:00'),(105,'Leonardo','Brunelli','lbrunelli2w@globo.com','9894785383','614b1b089de8f0883ef3ea59c3fd315002627f4c',0,'2020-04-10 00:00:00'),(106,'Isidore','Dobrowlski','idobrowlski2x@nature.com','1655283137','161976c2743b402d00de4e4e5d0322f48426b240',0,'2020-10-02 00:00:00'),(107,'Lilith','Millican','lmillican2y@cdc.gov','2317996897','f897e14cfc90348e5c47b48f0906124499a5ced2',0,'2020-09-27 00:00:00'),(108,'Johannes','Desquesnes','jdesquesnes2z@eepurl.com','1871736779','8028c514a4e39d3e50d636f7cfc115e565ab70ca',0,'2021-11-05 00:00:00'),(109,'Will','McConnal','wmcconnal30@mit.edu','4165935493','36faa8642a413c82d26d99cc79304705f6b9cda4',0,'2021-06-05 00:00:00'),(110,'Denna','Goodfellowe','dgoodfellowe31@pen.io','7983739598','4f2696947e3e6ce2d4b8de40078efe0623773ffe',0,'2020-08-22 00:00:00'),(111,'Chevalier','Mewburn','cmewburn32@jigsy.com','5609119642','a321dcfc1b2c8488ca32681046c3cbe66f0fd628',0,'2020-04-17 00:00:00'),(112,'Koenraad','McKinnell','kmckinnell33@surveymonkey.com','8414367800','73ad13db381f55c3608d0f0f2fc7193bd01ab338',0,'2020-01-15 00:00:00'),(113,'Dori','Hordell','dhordell34@so-net.ne.jp','8115441162','fd323b0c8f64d4cbb20ffe6d0d089327deb7109e',0,'2021-03-03 00:00:00'),(114,'Marianna','Castelli','mcastelli35@ox.ac.uk','6193847081','29ff0c04a334b214fe32196816e7a91db929fbfb',0,'2020-12-20 00:00:00'),(115,'Grange','McGooch','gmcgooch36@yandex.ru','9256098511','70d90622d4fb3771f49e756ce926d7b8965357d6',0,'2020-10-12 00:00:00'),(116,'Caroline','Brabbs','cbrabbs37@t-online.de','8158696031','2df3b0602630b2d5c4958bba9aa2cbb085933344',0,'2020-01-21 00:00:00'),(117,'Tildy','O\'Cosgra','tocosgra38@stanford.edu','7215378782','514f62757d2dcfd8eb3cd890039c0074a95459aa',0,'2020-10-12 00:00:00'),(118,'Felipa','Wharlton','fwharlton39@java.com','4036664191','92ca59223a6c8184549a271c064ac829bbc6dfc8',0,'2021-10-07 00:00:00'),(119,'Consuelo','Allmond','callmond3a@hatena.ne.jp','6143283446','a6ab7c375be509e566c719ef5009ef8ac1bd55a5',0,'2021-01-04 00:00:00'),(120,'Andreana','Cron','acron3b@vimeo.com','4282884065','2a21d77e4da260d8ff512aa9972ce6a086e24e21',0,'2021-12-13 00:00:00'),(121,'Kessia','Hayden','khayden3c@sbwire.com','4767927534','ee2510adacbdcc4a9e5476a121a245a60681bd7e',0,'2020-07-12 00:00:00'),(122,'Maximo','Flanne','mflanne3d@weibo.com','6293701272','1ef8f329ab87449968d4f007691665d3c36b3c0b',0,'2021-08-02 00:00:00'),(123,'Gawain','Clem','gclem3e@google.cn','1601073803','f7042d09e30604937e3ca7302e16374ef05e713c',0,'2021-03-27 00:00:00'),(124,'Ned','Leavesley','nleavesley3f@oakley.com','2072722053','ef9b5f77c4534a32e1b51379c8a2e1b28ff7eb89',0,'2020-06-02 00:00:00'),(125,'Arnie','Molyneux','amolyneux3g@google.co.uk','6164915063','d61189bd9fd63a8d9ba3d364577a4723b303d256',0,'2021-11-07 00:00:00'),(126,'Sissie','Vigneron','svigneron3h@businessinsider.com','8715402763','23915404ef60360ebee5fdecbf5327b8ea899ae3',0,'2021-03-30 00:00:00'),(127,'Birgit','Grange','bgrange3i@mtv.com','5614949803','d0256afb53f662fa4e6906f83d61c916bc7adf56',0,'2020-05-30 00:00:00'),(128,'Dorri','Haughin','dhaughin3j@jigsy.com','2692829711','8b1a772018dc2333ac701eec953f7fb4dd60a9ef',0,'2021-11-01 00:00:00'),(129,'Morena','Powter','mpowter3k@ocn.ne.jp','3307680749','f7331d7a60949bad7d9176951989abf3035b2525',0,'2020-11-03 00:00:00'),(130,'Dianna','Kellick','dkellick3l@lycos.com','2794193097','d9b8b497c4edf44234fe27df69d09dc71dc8c742',0,'2020-11-19 00:00:00'),(131,'Cher','Pyrton','cpyrton3m@umich.edu','7193811701','95fb0f258d629e0d6591b0d3223284aa0bbe6b0f',0,'2021-07-06 00:00:00'),(132,'Renaldo','Sire','rsire3n@huffingtonpost.com','5734611976','d1ba942857eee1c88df132de97b2747623c94f0e',0,'2021-04-04 00:00:00'),(133,'Willetta','Piburn','wpiburn3o@nasa.gov','3571209819','e79c627e3e088bc3aa0de9f7491bb1ba5ead6549',0,'2021-07-23 00:00:00'),(134,'Marinna','Gaylor','mgaylor3p@scientificamerican.com','1918421490','d34a08e1594efa97a1a6d2e144eb1429d8b9e396',0,'2020-04-22 00:00:00'),(135,'Earl','Caple','ecaple3q@europa.eu','9923218655','3a5aefc59ab6cd4c5ce9ff664fa41edf64f7a87f',0,'2020-10-22 00:00:00'),(136,'Donny','Mullord','dmullord3r@jalbum.net','9069941160','570ce91efcd189aabc4c9061752600db2e973cf1',0,'2020-07-13 00:00:00'),(137,'Onfroi','Boddam','oboddam3s@telegraph.co.uk','6699601029','d716e7bb1ae4662c37322cbea99a97ed8600923d',0,'2020-10-24 00:00:00'),(138,'Ortensia','De la Barre','odelabarre3t@youku.com','6634162101','fa6c12f657f68012fe5a27b135d982eb0ff26959',0,'2021-02-28 00:00:00'),(139,'Ash','Kuhnel','akuhnel3u@goo.ne.jp','4692589652','6e1fe33f26aeed8eeb627d30bccac0318f9e31e6',0,'2021-07-29 00:00:00'),(140,'Hyacinth','Fellona','hfellona3v@tumblr.com','6274412438','f76ac5048f977eefbe6df8f22f1454c3649a80c4',0,'2020-11-17 00:00:00'),(141,'Orelia','Messer','omesser3w@buzzfeed.com','8658229606','f94401a71c47c2db03fe9ede5bf3fb68cc652d7b',0,'2021-01-29 00:00:00'),(142,'Hobart','Battle','hbattle3x@spotify.com','9571857051','f0fc62604796ebd4e175a5ce7f176c1076cec867',0,'2020-12-27 00:00:00'),(143,'Dael','Valerius','dvalerius3y@weather.com','8046384559','0e755f9f20192d1fd158d547532a4f436c1f569a',0,'2021-07-09 00:00:00'),(144,'Jennine','Millen','jmillen3z@mlb.com','4452549051','5e0c0ba8e7830ec4c3354984b6d2f4bf93d12918',0,'2021-07-27 00:00:00'),(145,'Malachi','Valasek','mvalasek40@archive.org','9593517016','6b996f5b77d19b2e7da11587c5f36d2f5106ed17',0,'2021-05-09 00:00:00'),(146,'Leopold','Jolliss','ljolliss41@opensource.org','5257522476','e07d6b4adfcf63ac1bd17c381511dc2b22093bf7',0,'2020-01-12 00:00:00'),(147,'Paige','Bryden','pbryden42@cnbc.com','4218061068','493d2506927b39c82b73a47d6fad16f79560d15c',0,'2021-02-13 00:00:00'),(148,'Wallie','Dmitrienko','wdmitrienko43@nba.com','2704368113','36bffe55a3a84292e1bdc9ded0174017a0679901',0,'2021-12-01 00:00:00'),(149,'Romonda','Gyse','rgyse44@alibaba.com','5994996779','32e802b50ee16fe5a23368eea9fbc9d05e15c8cf',0,'2020-08-30 00:00:00'),(150,'Arlie','Beilby','abeilby45@myspace.com','8772825726','a43df2c2e3723294b225b269de4b27ae2cb94b6f',0,'2021-11-16 00:00:00'),(151,'Ottilie','Kittredge','okittredge46@behance.net','2292148955','aaee9396a8622c3f6f4449f7e228e6c120fabac1',0,'2021-10-07 00:00:00'),(152,'Stephannie','Kopp','skopp47@salon.com','5824766587','0f3165a31ef7beda1c9a759ff3ccb43858d9bceb',0,'2020-03-28 00:00:00'),(153,'Boot','Harome','bharome48@google.ca','1878002405','ffd639cbef721f2c5e69d70371b8a2c11bd9b619',0,'2020-04-24 00:00:00'),(154,'Cameron','Dornan','cdornan49@marketwatch.com','7818964790','ab20404c57ca725d625acd7af42cadda19383c90',0,'2021-09-14 00:00:00'),(155,'Van','Loomes','vloomes4a@youtube.com','1381670307','078adf624c87089f892ba96c12e5a694b473bc83',0,'2020-12-07 00:00:00'),(156,'Sheree','de Copeman','sdecopeman4b@cpanel.net','1325815992','53dcbbec8ae66396920da11f26862d0542a6475e',0,'2020-07-31 00:00:00'),(157,'Virginie','McAmish','vmcamish4c@bizjournals.com','7764573052','031e30614afc206909987100829a8edb203ec979',0,'2020-05-06 00:00:00'),(158,'Micky','Bilson','mbilson4d@disqus.com','5378127944','3ec22a8f5b9e7b688dceec7fd7a1c27385dbed2d',0,'2020-12-16 00:00:00'),(159,'Ashli','Kippin','akippin4e@statcounter.com','7402648165','d57f252455ab953b24627b82da13af7878000b78',0,'2021-09-25 00:00:00'),(160,'Blisse','Pachmann','bpachmann4f@nydailynews.com','8233923664','bd67bbcc279cec5f7ff1851f2e08fcdd26d496aa',0,'2021-09-25 00:00:00'),(161,'Holli','Muirhead','hmuirhead4g@gizmodo.com','4689147210','398b72a05e58c3bca3cae33b61f17f45ccd682b0',0,'2020-11-02 00:00:00'),(162,'Elia','McArthur','emcarthur4h@ow.ly','1107697415','fbcc31c14dde2433fee7f1d8f1ec4390be0e90db',0,'2021-08-06 00:00:00'),(163,'Jeramey','Effemy','jeffemy4i@gov.uk','5997752661','315ac9a7b3fe56ae42cca54db1e0ff6ec18e1d27',0,'2020-05-13 00:00:00'),(164,'Marian','Franceschino','mfranceschino4j@huffingtonpost.com','7858839574','22e712e6a21f0b275e2e28fef8804f727a9f319f',0,'2020-12-13 00:00:00'),(165,'Stephie','Coghlin','scoghlin4k@cam.ac.uk','1336193197','90ec68f103d2ab2e7c639771c9aab8bb17619716',0,'2020-05-11 00:00:00'),(166,'Cecily','Jumeau','cjumeau4l@bandcamp.com','2028284135','4c7a028ff1fb37187accf358f7afa9cff1204768',0,'2021-06-16 00:00:00'),(167,'Edouard','Mulvihill','emulvihill4m@youku.com','5702918496','604c598228669e46f0766a75fbc8acdbf56e9fd7',0,'2021-10-05 00:00:00'),(168,'Susannah','Daudray','sdaudray4n@redcross.org','3909331127','717890a1366663351a2f4c4de55be74b1cc38eed',0,'2020-11-28 00:00:00'),(169,'Warner','Pepperrall','wpepperrall4o@weibo.com','1328476411','0eea4b8e77ccaa06d2503e3b93ed34058f1c1486',0,'2020-03-13 00:00:00'),(170,'Jackelyn','Towlson','jtowlson4p@seesaa.net','1931534014','043e532c07134511784b2a6c15be0ddb1279d70a',0,'2020-02-09 00:00:00'),(171,'Marrissa','Cohan','mcohan4q@webeden.co.uk','8433241713','79e18b03ea0d50f0908116e32939a635c2eb218e',0,'2021-06-01 00:00:00'),(172,'Stefano','Marriott','smarriott4r@phpbb.com','8721401083','0c9827d2189baa95f6a706ab4f7e5e5dc31b0848',0,'2021-08-16 00:00:00'),(173,'Packston','Tracy','ptracy4s@chicagotribune.com','1874616817','ae7941181348c03759f0a4f670fb769e47984d5f',0,'2020-10-24 00:00:00'),(174,'Fidelity','MacGahey','fmacgahey4t@nba.com','5855238035','03d58ca05e88ecb36e3f5373fd2b8de93f690c13',0,'2020-12-21 00:00:00'),(175,'Caril','Plan','cplan4u@merriam-webster.com','4756649669','cf3fe8182426e8bca90dea5ed233a56317d5f543',0,'2020-10-19 00:00:00'),(176,'Lou','Janauschek','ljanauschek4v@usatoday.com','8339560724','d1b55144be1dad11d101fdc8fb4f4a6569622279',0,'2021-03-28 00:00:00'),(177,'Reggis','Mackett','rmackett4w@nsw.gov.au','4061070489','17c6c5077db3a6addfbaf99585b4f046e6d5a223',0,'2021-01-16 00:00:00'),(178,'Aggi','Derks','aderks4x@usda.gov','7823240160','452de5c9a66193041b24278f298e92e6f770d590',0,'2020-07-29 00:00:00'),(179,'Chuck','Garrat','cgarrat4y@example.com','1548560005','4d4947ec860d3ea88e6b4258ef5161f8a7f6398c',0,'2021-10-28 00:00:00'),(180,'Tabina','Ucchino','tucchino4z@mashable.com','4518098585','d239d02e3dd08c191dc0af83f865e1324133932d',0,'2021-05-14 00:00:00'),(181,'Celesta','Scardefield','cscardefield50@gmpg.org','1462030602','a0bbbe7321ec572d6fbe3d025ded4fe35c344866',0,'2021-06-02 00:00:00'),(182,'Ive','Bonifant','ibonifant51@ucla.edu','4618907026','9fd5500ff2a89c89b6bd10717d7cc4392b0d4534',0,'2021-04-04 00:00:00'),(183,'Amber','Keen','akeen52@ucsd.edu','8891898373','e68d1d0999a25c6bb2f4118b96bceafc3bcb01a5',0,'2021-08-26 00:00:00'),(184,'Frazer','Poe','fpoe53@nature.com','3387271545','599f9c76a65da1841b4bcb78d9c3634e8620e312',0,'2021-03-27 00:00:00'),(185,'Ardeen','Hagley','ahagley54@virginia.edu','2133869510','5533035305c766a36fea48643ee29d5e25cd59a9',0,'2020-07-20 00:00:00'),(186,'Evie','Dumberell','edumberell55@edublogs.org','4606399599','fa3cfaa7b584bf9201550831ccb32ad5bed10097',0,'2021-12-30 00:00:00'),(187,'Laney','Spurnier','lspurnier56@disqus.com','7477274305','886261ca740073ff0a9b0746e105dc99ffd2c66a',0,'2021-04-10 00:00:00'),(188,'Janenna','Bielefeld','jbielefeld57@nih.gov','4714986998','d4b58e8c41e2906fe20341ce7e370b3252cd4b05',0,'2021-03-25 00:00:00'),(189,'Carrie','Claessens','cclaessens58@mapquest.com','3546159717','c4fa49aea77d11e28566a685772eb6ba5d8117c5',0,'2021-09-11 00:00:00'),(190,'Marcos','Attenbrough','mattenbrough59@gizmodo.com','9359056955','2f086278c360513fc31742020b90bfec074670af',0,'2020-01-29 00:00:00'),(191,'Marco','Drysdale','mdrysdale5a@youtu.be','9178301475','2a107ef6603c6e7bfde853253b4f465f9c5c22df',0,'2021-12-14 00:00:00'),(192,'Reeba','Dyka','rdyka5b@sphinn.com','4762310056','e1b5bbface9e9b8a51a89f3dc8a15812bbd17dfe',0,'2020-07-28 00:00:00'),(193,'Corbett','McKimmie','cmckimmie5c@businessweek.com','3163715109','114b89225c946ef49cd93df94d81c6bd7746586b',0,'2020-11-25 00:00:00'),(194,'Niel','Levett','nlevett5d@so-net.ne.jp','2766362376','14403ef3ecb776225d56b7d6ec6643035b2a5e70',0,'2020-07-12 00:00:00'),(195,'Valeda','Luna','vluna5e@examiner.com','5185499453','08bbb26094d854c27da326e98d8eb567f7c853a5',0,'2021-03-29 00:00:00'),(196,'Lisetta','Gloves','lgloves5f@nbcnews.com','8337397857','1c7f406d35096e26bfc74bdd70e3ddd3e0c1c364',0,'2021-06-12 00:00:00'),(197,'Jeanie','Minchinton','jminchinton5g@utexas.edu','6536585226','321e074340a7bce2daa2eb3840a3a88362d2fa92',0,'2020-06-08 00:00:00'),(198,'Cissiee','Coleborn','ccoleborn5h@bravesites.com','3102927708','ecd585e37e2d5c25de1be882cd4f112d2763f594',0,'2020-01-21 00:00:00'),(199,'Shea','Bark','sbark5i@booking.com','7573316957','bbddb889f3eb53bdd3a7774409dd42d96174a17a',0,'2020-10-31 00:00:00'),(200,'Gaynor','Daniaud','gdaniaud5j@hibu.com','7737862114','e15f6ece0f29426784f8c0e2c00e6a43cff0756f',0,'2020-10-16 00:00:00');
/*!40000 ALTER TABLE `users` ENABLE KEYS */;
UNLOCK TABLES;
/*!40103 SET TIME_ZONE=@OLD_TIME_ZONE */;

/*!40101 SET SQL_MODE=@OLD_SQL_MODE */;
/*!40014 SET FOREIGN_KEY_CHECKS=@OLD_FOREIGN_KEY_CHECKS */;
/*!40014 SET UNIQUE_CHECKS=@OLD_UNIQUE_CHECKS */;
/*!40101 SET CHARACTER_SET_CLIENT=@OLD_CHARACTER_SET_CLIENT */;
/*!40101 SET CHARACTER_SET_RESULTS=@OLD_CHARACTER_SET_RESULTS */;
/*!40101 SET COLLATION_CONNECTION=@OLD_COLLATION_CONNECTION */;
/*!40111 SET SQL_NOTES=@OLD_SQL_NOTES */;

-- Dump completed on 2021-07-15 21:49:45
